"variasi","menginap","hari","pendapatan"
"A","TIDAK","0,00","0,00"
"A","TIDAK","0,00","0,00"
"A","TIDAK","0,00","0,00"
"A","TIDAK","0,00","0,00"
"A","TIDAK","0,00","0,00"
"A","TIDAK","0,00","0,00"
"A","TIDAK","0,00","0,00"
"A","TIDAK","0,00","0,00"
"A","TIDAK","0,00","0,00"
"A","TIDAK","0,00","0,00"
"A","TIDAK","0,00","0,00"
"A","YA","1,00","797,00"
"A","TIDAK","0,00","0,00"
"A","TIDAK","0,00","0,00"
"A","TIDAK","0,00","0,00"
"A","YA","2,00","12.756,00"
"A","TIDAK","0,00","0,00"
"A","TIDAK","0,00","0,00"
"A","TIDAK","0,00","0,00"
"A","TIDAK","0,00","0,00"
"A","TIDAK","0,00","0,00"
"A","TIDAK","0,00","0,00"
"A","TIDAK","0,00","0,00"
"A","TIDAK","0,00","0,00"
"A","TIDAK","0,00","0,00"
"A","TIDAK","0,00","0,00"
"A","TIDAK","0,00","0,00"
"A","TIDAK","0,00","0,00"
"A","TIDAK","0,00","0,00"
"A","TIDAK","0,00","0,00"
"A","TIDAK","0,00","0,00"
"A","TIDAK","0,00","0,00"
"A","TIDAK","0,00","0,00"
"A","TIDAK","0,00","0,00"
"A","TIDAK","0,00","0,00"
"A","TIDAK","0,00","0,00"
"A","TIDAK","0,00","0,00"
"A","TIDAK","0,00","0,00"
"A","TIDAK","0,00","0,00"
"A","TIDAK","0,00","0,00"
"A","TIDAK","0,00","0,00"
"A","TIDAK","0,00","0,00"
"A","TIDAK","0,00","0,00"
"A","TIDAK","0,00","0,00"
"A","TIDAK","0,00","0,00"
"A","TIDAK","0,00","0,00"
"A","TIDAK","0,00","0,00"
"A","TIDAK","0,00","0,00"
"A","TIDAK","0,00","0,00"
"A","TIDAK","0,00","0,00"
"A","YA","1,00","6.649,00"
"A","TIDAK","0,00","0,00"
"A","TIDAK","0,00","0,00"
"A","TIDAK","0,00","0,00"
"A","TIDAK","0,00","0,00"
"A","YA","4,00","31.522,00"
"A","TIDAK","0,00","0,00"
"A","TIDAK","0,00","0,00"
"A","TIDAK","0,00","0,00"
"A","TIDAK","0,00","0,00"
"A","TIDAK","0,00","0,00"
"A","TIDAK","0,00","0,00"
"A","TIDAK","0,00","0,00"
"A","TIDAK","0,00","0,00"
"A","TIDAK","0,00","0,00"
"A","TIDAK","0,00","0,00"
"A","TIDAK","0,00","0,00"
"A","TIDAK","0,00","0,00"
"A","TIDAK","0,00","0,00"
"A","TIDAK","0,00","0,00"
"A","TIDAK","0,00","0,00"
"A","TIDAK","0,00","0,00"
"A","TIDAK","0,00","0,00"
"A","TIDAK","0,00","0,00"
"A","TIDAK","0,00","0,00"
"A","TIDAK","0,00","0,00"
"A","TIDAK","0,00","0,00"
"A","YA","1,00","4.566,00"
"A","TIDAK","0,00","0,00"
"A","YA","1,00","6.723,00"
"A","TIDAK","0,00","0,00"
"A","TIDAK","0,00","0,00"
"A","TIDAK","0,00","0,00"
"A","TIDAK","0,00","0,00"
"A","TIDAK","0,00","0,00"
"A","TIDAK","0,00","0,00"
"A","YA","4,00","3.662,00"
"A","TIDAK","0,00","0,00"
"A","TIDAK","0,00","0,00"
"A","TIDAK","0,00","0,00"
"A","TIDAK","0,00","0,00"
"A","TIDAK","0,00","0,00"
"A","YA","4,00","34.787,00"
"A","TIDAK","0,00","0,00"
"A","TIDAK","0,00","0,00"
"A","TIDAK","0,00","0,00"
"A","TIDAK","0,00","0,00"
"A","TIDAK","0,00","0,00"
"A","TIDAK","0,00","0,00"
"A","TIDAK","0,00","0,00"
"A","TIDAK","0,00","0,00"
"A","TIDAK","0,00","0,00"
"A","TIDAK","0,00","0,00"
"A","TIDAK","0,00","0,00"
"A","TIDAK","0,00","0,00"
"A","TIDAK","0,00","0,00"
"A","TIDAK","0,00","0,00"
"A","TIDAK","0,00","0,00"
"A","TIDAK","0,00","0,00"
"A","TIDAK","0,00","0,00"
"A","TIDAK","0,00","0,00"
"A","TIDAK","0,00","0,00"
"A","TIDAK","0,00","0,00"
"A","TIDAK","0,00","0,00"
"A","TIDAK","0,00","0,00"
"A","TIDAK","0,00","0,00"
"A","TIDAK","0,00","0,00"
"A","TIDAK","0,00","0,00"
"A","TIDAK","0,00","0,00"
"A","TIDAK","0,00","0,00"
"A","TIDAK","0,00","0,00"
"A","TIDAK","0,00","0,00"
"A","TIDAK","0,00","0,00"
"A","TIDAK","0,00","0,00"
"A","TIDAK","0,00","0,00"
"A","TIDAK","0,00","0,00"
"A","TIDAK","0,00","0,00"
"A","TIDAK","0,00","0,00"
"A","TIDAK","0,00","0,00"
"A","TIDAK","0,00","0,00"
"A","TIDAK","0,00","0,00"
"A","TIDAK","0,00","0,00"
"A","TIDAK","0,00","0,00"
"A","TIDAK","0,00","0,00"
"A","TIDAK","0,00","0,00"
"A","TIDAK","0,00","0,00"
"A","TIDAK","0,00","0,00"
"A","TIDAK","0,00","0,00"
"A","TIDAK","0,00","0,00"
"A","TIDAK","0,00","0,00"
"A","TIDAK","0,00","0,00"
"A","TIDAK","0,00","0,00"
"A","TIDAK","0,00","0,00"
"A","TIDAK","0,00","0,00"
"A","TIDAK","0,00","0,00"
"A","TIDAK","0,00","0,00"
"A","TIDAK","0,00","0,00"
"A","TIDAK","0,00","0,00"
"A","TIDAK","0,00","0,00"
"A","TIDAK","0,00","0,00"
"A","TIDAK","0,00","0,00"
"A","TIDAK","0,00","0,00"
"A","TIDAK","0,00","0,00"
"A","TIDAK","0,00","0,00"
"A","TIDAK","0,00","0,00"
"A","TIDAK","0,00","0,00"
"A","TIDAK","0,00","0,00"
"A","TIDAK","0,00","0,00"
"A","TIDAK","0,00","0,00"
"A","TIDAK","0,00","0,00"
"A","YA","4,00","29.218,00"
"A","TIDAK","0,00","0,00"
"A","TIDAK","0,00","0,00"
"A","TIDAK","0,00","0,00"
"A","TIDAK","0,00","0,00"
"A","TIDAK","0,00","0,00"
"A","TIDAK","0,00","0,00"
"A","TIDAK","0,00","0,00"
"A","TIDAK","0,00","0,00"
"A","TIDAK","0,00","0,00"
"A","TIDAK","0,00","0,00"
"A","TIDAK","0,00","0,00"
"A","TIDAK","0,00","0,00"
"A","TIDAK","0,00","0,00"
"A","TIDAK","0,00","0,00"
"A","TIDAK","0,00","0,00"
"A","TIDAK","0,00","0,00"
"A","TIDAK","0,00","0,00"
"A","TIDAK","0,00","0,00"
"A","TIDAK","0,00","0,00"
"A","TIDAK","0,00","0,00"
"A","TIDAK","0,00","0,00"
"A","TIDAK","0,00","0,00"
"A","TIDAK","0,00","0,00"
"A","TIDAK","0,00","0,00"
"A","TIDAK","0,00","0,00"
"A","TIDAK","0,00","0,00"
"A","TIDAK","0,00","0,00"
"A","TIDAK","0,00","0,00"
"A","TIDAK","0,00","0,00"
"A","TIDAK","0,00","0,00"
"A","TIDAK","0,00","0,00"
"A","TIDAK","0,00","0,00"
"A","TIDAK","0,00","0,00"
"A","TIDAK","0,00","0,00"
"A","TIDAK","0,00","0,00"
"A","TIDAK","0,00","0,00"
"A","TIDAK","0,00","0,00"
"A","TIDAK","0,00","0,00"
"A","TIDAK","0,00","0,00"
"A","TIDAK","0,00","0,00"
"A","TIDAK","0,00","0,00"
"A","TIDAK","0,00","0,00"
"A","TIDAK","0,00","0,00"
"A","TIDAK","0,00","0,00"
"A","TIDAK","0,00","0,00"
"A","TIDAK","0,00","0,00"
"A","TIDAK","0,00","0,00"
"A","TIDAK","0,00","0,00"
"A","TIDAK","0,00","0,00"
"A","TIDAK","0,00","0,00"
"A","TIDAK","0,00","0,00"
"A","TIDAK","0,00","0,00"
"A","TIDAK","0,00","0,00"
"A","TIDAK","0,00","0,00"
"A","TIDAK","0,00","0,00"
"A","TIDAK","0,00","0,00"
"A","TIDAK","0,00","0,00"
"A","TIDAK","0,00","0,00"
"A","TIDAK","0,00","0,00"
"A","TIDAK","0,00","0,00"
"A","TIDAK","0,00","0,00"
"A","TIDAK","0,00","0,00"
"A","TIDAK","0,00","0,00"
"A","TIDAK","0,00","0,00"
"A","TIDAK","0,00","0,00"
"A","TIDAK","0,00","0,00"
"A","TIDAK","0,00","0,00"
"A","TIDAK","0,00","0,00"
"A","TIDAK","0,00","0,00"
"A","TIDAK","0,00","0,00"
"A","TIDAK","0,00","0,00"
"A","TIDAK","0,00","0,00"
"A","TIDAK","0,00","0,00"
"A","TIDAK","0,00","0,00"
"A","TIDAK","0,00","0,00"
"A","TIDAK","0,00","0,00"
"A","TIDAK","0,00","0,00"
"A","YA","2,00","14.421,00"
"A","TIDAK","0,00","0,00"
"A","TIDAK","0,00","0,00"
"A","YA","3,00","24.423,00"
"A","TIDAK","0,00","0,00"
"A","TIDAK","0,00","0,00"
"A","TIDAK","0,00","0,00"
"A","TIDAK","0,00","0,00"
"A","TIDAK","0,00","0,00"
"A","TIDAK","0,00","0,00"
"A","TIDAK","0,00","0,00"
"A","TIDAK","0,00","0,00"
"A","TIDAK","0,00","0,00"
"A","TIDAK","0,00","0,00"
"A","TIDAK","0,00","0,00"
"A","TIDAK","0,00","0,00"
"A","TIDAK","0,00","0,00"
"A","TIDAK","0,00","0,00"
"A","TIDAK","0,00","0,00"
"A","TIDAK","0,00","0,00"
"A","TIDAK","0,00","0,00"
"A","TIDAK","0,00","0,00"
"A","TIDAK","0,00","0,00"
"A","TIDAK","0,00","0,00"
"A","TIDAK","0,00","0,00"
"A","TIDAK","0,00","0,00"
"A","TIDAK","0,00","0,00"
"A","TIDAK","0,00","0,00"
"A","TIDAK","0,00","0,00"
"A","TIDAK","0,00","0,00"
"A","TIDAK","0,00","0,00"
"A","TIDAK","0,00","0,00"
"A","TIDAK","0,00","0,00"
"A","TIDAK","0,00","0,00"
"A","TIDAK","0,00","0,00"
"A","TIDAK","0,00","0,00"
"A","TIDAK","0,00","0,00"
"A","TIDAK","0,00","0,00"
"A","TIDAK","0,00","0,00"
"A","TIDAK","0,00","0,00"
"A","TIDAK","0,00","0,00"
"A","TIDAK","0,00","0,00"
"A","TIDAK","0,00","0,00"
"A","TIDAK","0,00","0,00"
"A","TIDAK","0,00","0,00"
"A","TIDAK","0,00","0,00"
"A","TIDAK","0,00","0,00"
"A","TIDAK","0,00","0,00"
"A","TIDAK","0,00","0,00"
"A","TIDAK","0,00","0,00"
"A","TIDAK","0,00","0,00"
"A","TIDAK","0,00","0,00"
"A","TIDAK","0,00","0,00"
"A","TIDAK","0,00","0,00"
"A","TIDAK","0,00","0,00"
"A","TIDAK","0,00","0,00"
"A","TIDAK","0,00","0,00"
"A","TIDAK","0,00","0,00"
"A","TIDAK","0,00","0,00"
"A","TIDAK","0,00","0,00"
"A","TIDAK","0,00","0,00"
"A","TIDAK","0,00","0,00"
"A","YA","1,00","5.229,00"
"A","TIDAK","0,00","0,00"
"A","TIDAK","0,00","0,00"
"A","TIDAK","0,00","0,00"
"A","TIDAK","0,00","0,00"
"A","TIDAK","0,00","0,00"
"A","TIDAK","0,00","0,00"
"A","TIDAK","0,00","0,00"
"A","TIDAK","0,00","0,00"
"A","TIDAK","0,00","0,00"
"A","TIDAK","0,00","0,00"
"A","TIDAK","0,00","0,00"
"A","TIDAK","0,00","0,00"
"A","TIDAK","0,00","0,00"
"A","TIDAK","0,00","0,00"
"A","TIDAK","0,00","0,00"
"A","YA","4,00","24.384,00"
"A","TIDAK","0,00","0,00"
"A","TIDAK","0,00","0,00"
"A","TIDAK","0,00","0,00"
"A","TIDAK","0,00","0,00"
"A","TIDAK","0,00","0,00"
"A","TIDAK","0,00","0,00"
"A","TIDAK","0,00","0,00"
"A","TIDAK","0,00","0,00"
"A","YA","4,00","20.811,00"
"A","TIDAK","0,00","0,00"
"A","TIDAK","0,00","0,00"
"A","TIDAK","0,00","0,00"
"A","TIDAK","0,00","0,00"
"A","TIDAK","0,00","0,00"
"A","TIDAK","0,00","0,00"
"A","TIDAK","0,00","0,00"
"A","TIDAK","0,00","0,00"
"A","TIDAK","0,00","0,00"
"A","TIDAK","0,00","0,00"
"A","TIDAK","0,00","0,00"
"A","TIDAK","0,00","0,00"
"A","TIDAK","0,00","0,00"
"A","TIDAK","0,00","0,00"
"A","TIDAK","0,00","0,00"
"A","TIDAK","0,00","0,00"
"A","TIDAK","0,00","0,00"
"A","TIDAK","0,00","0,00"
"A","TIDAK","0,00","0,00"
"A","TIDAK","0,00","0,00"
"A","TIDAK","0,00","0,00"
"A","TIDAK","0,00","0,00"
"A","TIDAK","0,00","0,00"
"A","TIDAK","0,00","0,00"
"A","TIDAK","0,00","0,00"
"A","TIDAK","0,00","0,00"
"A","TIDAK","0,00","0,00"
"A","TIDAK","0,00","0,00"
"A","YA","1,00","6.475,00"
"A","TIDAK","0,00","0,00"
"A","TIDAK","0,00","0,00"
"A","TIDAK","0,00","0,00"
"A","TIDAK","0,00","0,00"
"A","TIDAK","0,00","0,00"
"A","TIDAK","0,00","0,00"
"A","TIDAK","0,00","0,00"
"A","TIDAK","0,00","0,00"
"A","TIDAK","0,00","0,00"
"A","TIDAK","0,00","0,00"
"A","TIDAK","0,00","0,00"
"A","TIDAK","0,00","0,00"
"A","TIDAK","0,00","0,00"
"A","TIDAK","0,00","0,00"
"A","TIDAK","0,00","0,00"
"A","TIDAK","0,00","0,00"
"A","TIDAK","0,00","0,00"
"A","TIDAK","0,00","0,00"
"A","TIDAK","0,00","0,00"
"A","TIDAK","0,00","0,00"
"A","TIDAK","0,00","0,00"
"A","TIDAK","0,00","0,00"
"A","TIDAK","0,00","0,00"
"A","TIDAK","0,00","0,00"
"A","TIDAK","0,00","0,00"
"A","TIDAK","0,00","0,00"
"A","TIDAK","0,00","0,00"
"A","TIDAK","0,00","0,00"
"A","TIDAK","0,00","0,00"
"A","TIDAK","0,00","0,00"
"A","TIDAK","0,00","0,00"
"A","TIDAK","0,00","0,00"
"A","TIDAK","0,00","0,00"
"A","TIDAK","0,00","0,00"
"A","TIDAK","0,00","0,00"
"A","TIDAK","0,00","0,00"
"A","TIDAK","0,00","0,00"
"A","TIDAK","0,00","0,00"
"A","TIDAK","0,00","0,00"
"A","TIDAK","0,00","0,00"
"A","TIDAK","0,00","0,00"
"A","TIDAK","0,00","0,00"
"A","TIDAK","0,00","0,00"
"A","TIDAK","0,00","0,00"
"A","TIDAK","0,00","0,00"
"A","TIDAK","0,00","0,00"
"A","TIDAK","0,00","0,00"
"A","TIDAK","0,00","0,00"
"A","TIDAK","0,00","0,00"
"A","TIDAK","0,00","0,00"
"A","TIDAK","0,00","0,00"
"A","TIDAK","0,00","0,00"
"A","TIDAK","0,00","0,00"
"A","TIDAK","0,00","0,00"
"A","TIDAK","0,00","0,00"
"A","TIDAK","0,00","0,00"
"A","TIDAK","0,00","0,00"
"A","TIDAK","0,00","0,00"
"A","TIDAK","0,00","0,00"
"A","TIDAK","0,00","0,00"
"A","TIDAK","0,00","0,00"
"A","TIDAK","0,00","0,00"
"A","TIDAK","0,00","0,00"
"A","TIDAK","0,00","0,00"
"A","TIDAK","0,00","0,00"
"A","TIDAK","0,00","0,00"
"A","TIDAK","0,00","0,00"
"A","TIDAK","0,00","0,00"
"A","TIDAK","0,00","0,00"
"A","TIDAK","0,00","0,00"
"A","TIDAK","0,00","0,00"
"A","TIDAK","0,00","0,00"
"A","TIDAK","0,00","0,00"
"A","TIDAK","0,00","0,00"
"A","TIDAK","0,00","0,00"
"A","TIDAK","0,00","0,00"
"A","TIDAK","0,00","0,00"
"A","TIDAK","0,00","0,00"
"A","TIDAK","0,00","0,00"
"A","TIDAK","0,00","0,00"
"A","TIDAK","0,00","0,00"
"A","TIDAK","0,00","0,00"
"A","TIDAK","0,00","0,00"
"A","TIDAK","0,00","0,00"
"A","TIDAK","0,00","0,00"
"A","TIDAK","0,00","0,00"
"A","TIDAK","0,00","0,00"
"A","TIDAK","0,00","0,00"
"A","TIDAK","0,00","0,00"
"A","TIDAK","0,00","0,00"
"A","TIDAK","0,00","0,00"
"A","TIDAK","0,00","0,00"
"A","TIDAK","0,00","0,00"
"A","TIDAK","0,00","0,00"
"A","TIDAK","0,00","0,00"
"A","TIDAK","0,00","0,00"
"A","TIDAK","0,00","0,00"
"A","TIDAK","0,00","0,00"
"A","TIDAK","0,00","0,00"
"A","TIDAK","0,00","0,00"
"A","TIDAK","0,00","0,00"
"A","TIDAK","0,00","0,00"
"A","TIDAK","0,00","0,00"
"A","TIDAK","0,00","0,00"
"A","TIDAK","0,00","0,00"
"A","TIDAK","0,00","0,00"
"A","TIDAK","0,00","0,00"
"A","TIDAK","0,00","0,00"
"A","TIDAK","0,00","0,00"
"A","TIDAK","0,00","0,00"
"A","TIDAK","0,00","0,00"
"A","TIDAK","0,00","0,00"
"A","TIDAK","0,00","0,00"
"A","TIDAK","0,00","0,00"
"A","TIDAK","0,00","0,00"
"A","TIDAK","0,00","0,00"
"A","TIDAK","0,00","0,00"
"A","TIDAK","0,00","0,00"
"A","TIDAK","0,00","0,00"
"A","TIDAK","0,00","0,00"
"A","TIDAK","0,00","0,00"
"A","TIDAK","0,00","0,00"
"A","TIDAK","0,00","0,00"
"A","TIDAK","0,00","0,00"
"A","TIDAK","0,00","0,00"
"A","TIDAK","0,00","0,00"
"A","TIDAK","0,00","0,00"
"A","TIDAK","0,00","0,00"
"A","TIDAK","0,00","0,00"
"A","TIDAK","0,00","0,00"
"A","TIDAK","0,00","0,00"
"A","TIDAK","0,00","0,00"
"A","TIDAK","0,00","0,00"
"A","TIDAK","0,00","0,00"
"A","TIDAK","0,00","0,00"
"A","TIDAK","0,00","0,00"
"A","TIDAK","0,00","0,00"
"A","TIDAK","0,00","0,00"
"A","TIDAK","0,00","0,00"
"A","TIDAK","0,00","0,00"
"A","TIDAK","0,00","0,00"
"A","TIDAK","0,00","0,00"
"A","TIDAK","0,00","0,00"
"A","TIDAK","0,00","0,00"
"A","TIDAK","0,00","0,00"
"A","TIDAK","0,00","0,00"
"A","TIDAK","0,00","0,00"
"A","TIDAK","0,00","0,00"
"A","TIDAK","0,00","0,00"
"A","TIDAK","0,00","0,00"
"A","TIDAK","0,00","0,00"
"A","TIDAK","0,00","0,00"
"A","TIDAK","0,00","0,00"
"A","TIDAK","0,00","0,00"
"A","TIDAK","0,00","0,00"
"A","TIDAK","0,00","0,00"
"A","TIDAK","0,00","0,00"
"A","TIDAK","0,00","0,00"
"A","TIDAK","0,00","0,00"
"A","TIDAK","0,00","0,00"
"A","TIDAK","0,00","0,00"
"A","TIDAK","0,00","0,00"
"A","TIDAK","0,00","0,00"
"A","TIDAK","0,00","0,00"
"A","TIDAK","0,00","0,00"
"A","TIDAK","0,00","0,00"
"A","TIDAK","0,00","0,00"
"A","TIDAK","0,00","0,00"
"A","TIDAK","0,00","0,00"
"A","TIDAK","0,00","0,00"
"A","TIDAK","0,00","0,00"
"A","TIDAK","0,00","0,00"
"A","TIDAK","0,00","0,00"
"A","TIDAK","0,00","0,00"
"A","TIDAK","0,00","0,00"
"A","TIDAK","0,00","0,00"
"A","TIDAK","0,00","0,00"
"A","TIDAK","0,00","0,00"
"A","TIDAK","0,00","0,00"
"A","TIDAK","0,00","0,00"
"A","TIDAK","0,00","0,00"
"A","YA","4,00","25.533,00"
"A","TIDAK","0,00","0,00"
"A","TIDAK","0,00","0,00"
"A","TIDAK","0,00","0,00"
"A","TIDAK","0,00","0,00"
"A","TIDAK","0,00","0,00"
"A","TIDAK","0,00","0,00"
"A","TIDAK","0,00","0,00"
"A","TIDAK","0,00","0,00"
"A","TIDAK","0,00","0,00"
"A","TIDAK","0,00","0,00"
"A","TIDAK","0,00","0,00"
"A","TIDAK","0,00","0,00"
"A","TIDAK","0,00","0,00"
"A","TIDAK","0,00","0,00"
"A","TIDAK","0,00","0,00"
"A","TIDAK","0,00","0,00"
"A","TIDAK","0,00","0,00"
"A","TIDAK","0,00","0,00"
"A","TIDAK","0,00","0,00"
"A","TIDAK","0,00","0,00"
"A","TIDAK","0,00","0,00"
"A","TIDAK","0,00","0,00"
"A","TIDAK","0,00","0,00"
"A","TIDAK","0,00","0,00"
"A","TIDAK","0,00","0,00"
"A","TIDAK","0,00","0,00"
"A","TIDAK","0,00","0,00"
"A","TIDAK","0,00","0,00"
"A","TIDAK","0,00","0,00"
"A","TIDAK","0,00","0,00"
"A","TIDAK","0,00","0,00"
"A","TIDAK","0,00","0,00"
"A","TIDAK","0,00","0,00"
"A","TIDAK","0,00","0,00"
"A","YA","3,00","13.977,00"
"A","TIDAK","0,00","0,00"
"A","TIDAK","0,00","0,00"
"A","TIDAK","0,00","0,00"
"A","TIDAK","0,00","0,00"
"A","TIDAK","0,00","0,00"
"A","TIDAK","0,00","0,00"
"A","TIDAK","0,00","0,00"
"A","TIDAK","0,00","0,00"
"A","TIDAK","0,00","0,00"
"A","TIDAK","0,00","0,00"
"A","TIDAK","0,00","0,00"
"A","TIDAK","0,00","0,00"
"A","TIDAK","0,00","0,00"
"A","TIDAK","0,00","0,00"
"A","TIDAK","0,00","0,00"
"A","TIDAK","0,00","0,00"
"A","TIDAK","0,00","0,00"
"A","TIDAK","0,00","0,00"
"A","TIDAK","0,00","0,00"
"A","TIDAK","0,00","0,00"
"A","TIDAK","0,00","0,00"
"A","TIDAK","0,00","0,00"
"A","TIDAK","0,00","0,00"
"A","TIDAK","0,00","0,00"
"A","TIDAK","0,00","0,00"
"A","TIDAK","0,00","0,00"
"A","TIDAK","0,00","0,00"
"A","TIDAK","0,00","0,00"
"A","TIDAK","0,00","0,00"
"A","YA","62,00","302.864,00"
"A","TIDAK","0,00","0,00"
"A","TIDAK","0,00","0,00"
"A","TIDAK","0,00","0,00"
"A","TIDAK","0,00","0,00"
"A","TIDAK","0,00","0,00"
"A","TIDAK","0,00","0,00"
"A","TIDAK","0,00","0,00"
"A","TIDAK","0,00","0,00"
"A","TIDAK","0,00","0,00"
"A","TIDAK","0,00","0,00"
"A","TIDAK","0,00","0,00"
"A","TIDAK","0,00","0,00"
"A","TIDAK","0,00","0,00"
"A","TIDAK","0,00","0,00"
"A","TIDAK","0,00","0,00"
"A","TIDAK","0,00","0,00"
"A","TIDAK","0,00","0,00"
"A","TIDAK","0,00","0,00"
"A","TIDAK","0,00","0,00"
"A","TIDAK","0,00","0,00"
"A","TIDAK","0,00","0,00"
"A","TIDAK","0,00","0,00"
"A","TIDAK","0,00","0,00"
"A","TIDAK","0,00","0,00"
"A","TIDAK","0,00","0,00"
"A","TIDAK","0,00","0,00"
"A","TIDAK","0,00","0,00"
"A","TIDAK","0,00","0,00"
"A","TIDAK","0,00","0,00"
"A","TIDAK","0,00","0,00"
"A","TIDAK","0,00","0,00"
"A","TIDAK","0,00","0,00"
"A","TIDAK","0,00","0,00"
"A","TIDAK","0,00","0,00"
"A","TIDAK","0,00","0,00"
"A","TIDAK","0,00","0,00"
"A","TIDAK","0,00","0,00"
"A","YA","3,00","19.996,00"
"A","TIDAK","0,00","0,00"
"A","TIDAK","0,00","0,00"
"A","TIDAK","0,00","0,00"
"A","TIDAK","0,00","0,00"
"A","TIDAK","0,00","0,00"
"A","TIDAK","0,00","0,00"
"A","TIDAK","0,00","0,00"
"A","TIDAK","0,00","0,00"
"A","TIDAK","0,00","0,00"
"A","TIDAK","0,00","0,00"
"A","TIDAK","0,00","0,00"
"A","TIDAK","0,00","0,00"
"A","TIDAK","0,00","0,00"
"A","TIDAK","0,00","0,00"
"A","TIDAK","0,00","0,00"
"A","TIDAK","0,00","0,00"
"A","TIDAK","0,00","0,00"
"A","TIDAK","0,00","0,00"
"A","TIDAK","0,00","0,00"
"A","TIDAK","0,00","0,00"
"A","TIDAK","0,00","0,00"
"A","TIDAK","0,00","0,00"
"A","TIDAK","0,00","0,00"
"A","TIDAK","0,00","0,00"
"A","TIDAK","0,00","0,00"
"A","TIDAK","0,00","0,00"
"A","TIDAK","0,00","0,00"
"A","TIDAK","0,00","0,00"
"A","TIDAK","0,00","0,00"
"A","TIDAK","0,00","0,00"
"A","TIDAK","0,00","0,00"
"A","TIDAK","0,00","0,00"
"A","TIDAK","0,00","0,00"
"A","TIDAK","0,00","0,00"
"A","TIDAK","0,00","0,00"
"A","TIDAK","0,00","0,00"
"A","TIDAK","0,00","0,00"
"A","TIDAK","0,00","0,00"
"A","TIDAK","0,00","0,00"
"A","TIDAK","0,00","0,00"
"A","TIDAK","0,00","0,00"
"A","TIDAK","0,00","0,00"
"A","TIDAK","0,00","0,00"
"A","TIDAK","0,00","0,00"
"A","TIDAK","0,00","0,00"
"A","TIDAK","0,00","0,00"
"A","TIDAK","0,00","0,00"
"A","TIDAK","0,00","0,00"
"A","TIDAK","0,00","0,00"
"A","TIDAK","0,00","0,00"
"A","TIDAK","0,00","0,00"
"A","TIDAK","0,00","0,00"
"A","TIDAK","0,00","0,00"
"A","YA","4,00","27.341,00"
"A","TIDAK","0,00","0,00"
"A","TIDAK","0,00","0,00"
"A","TIDAK","0,00","0,00"
"A","TIDAK","0,00","0,00"
"A","TIDAK","0,00","0,00"
"A","TIDAK","0,00","0,00"
"A","TIDAK","0,00","0,00"
"A","TIDAK","0,00","0,00"
"A","TIDAK","0,00","0,00"
"A","TIDAK","0,00","0,00"
"A","TIDAK","0,00","0,00"
"A","TIDAK","0,00","0,00"
"A","TIDAK","0,00","0,00"
"A","TIDAK","0,00","0,00"
"A","TIDAK","0,00","0,00"
"A","TIDAK","0,00","0,00"
"A","TIDAK","0,00","0,00"
"A","TIDAK","0,00","0,00"
"A","TIDAK","0,00","0,00"
"A","TIDAK","0,00","0,00"
"A","TIDAK","0,00","0,00"
"A","TIDAK","0,00","0,00"
"A","TIDAK","0,00","0,00"
"A","TIDAK","0,00","0,00"
"A","TIDAK","0,00","0,00"
"A","TIDAK","0,00","0,00"
"A","TIDAK","0,00","0,00"
"B","TIDAK","0,00","0,00"
"B","TIDAK","0,00","0,00"
"B","YA","3,00","19.482,00"
"B","TIDAK","0,00","0,00"
"B","TIDAK","0,00","0,00"
"B","TIDAK","0,00","0,00"
"B","TIDAK","0,00","0,00"
"B","TIDAK","0,00","0,00"
"B","TIDAK","0,00","0,00"
"B","TIDAK","0,00","0,00"
"B","TIDAK","0,00","0,00"
"B","TIDAK","0,00","0,00"
"B","TIDAK","0,00","0,00"
"B","TIDAK","0,00","0,00"
"B","TIDAK","0,00","0,00"
"B","TIDAK","0,00","0,00"
"B","TIDAK","0,00","0,00"
"B","TIDAK","0,00","0,00"
"B","TIDAK","0,00","0,00"
"B","TIDAK","0,00","0,00"
"B","TIDAK","0,00","0,00"
"B","TIDAK","0,00","0,00"
"B","TIDAK","0,00","0,00"
"B","TIDAK","0,00","0,00"
"B","TIDAK","0,00","0,00"
"B","TIDAK","0,00","0,00"
"B","TIDAK","0,00","0,00"
"B","TIDAK","0,00","0,00"
"B","TIDAK","0,00","0,00"
"B","TIDAK","0,00","0,00"
"B","TIDAK","0,00","0,00"
"B","TIDAK","0,00","0,00"
"B","TIDAK","0,00","0,00"
"B","TIDAK","0,00","0,00"
"B","TIDAK","0,00","0,00"
"B","TIDAK","0,00","0,00"
"B","TIDAK","0,00","0,00"
"B","TIDAK","0,00","0,00"
"B","TIDAK","0,00","0,00"
"B","YA","5,00","24.514,00"
"B","TIDAK","0,00","0,00"
"B","TIDAK","0,00","0,00"
"B","TIDAK","0,00","0,00"
"B","TIDAK","0,00","0,00"
"B","TIDAK","0,00","0,00"
"B","TIDAK","0,00","0,00"
"B","TIDAK","0,00","0,00"
"B","TIDAK","0,00","0,00"
"B","TIDAK","0,00","0,00"
"B","TIDAK","0,00","0,00"
"B","TIDAK","0,00","0,00"
"B","TIDAK","0,00","0,00"
"B","TIDAK","0,00","0,00"
"B","TIDAK","0,00","0,00"
"B","TIDAK","0,00","0,00"
"B","TIDAK","0,00","0,00"
"B","TIDAK","0,00","0,00"
"B","TIDAK","0,00","0,00"
"B","TIDAK","0,00","0,00"
"B","TIDAK","0,00","0,00"
"B","TIDAK","0,00","0,00"
"B","TIDAK","0,00","0,00"
"B","TIDAK","0,00","0,00"
"B","TIDAK","0,00","0,00"
"B","TIDAK","0,00","0,00"
"B","TIDAK","0,00","0,00"
"B","TIDAK","0,00","0,00"
"B","TIDAK","0,00","0,00"
"B","TIDAK","0,00","0,00"
"B","TIDAK","0,00","0,00"
"B","TIDAK","0,00","0,00"
"B","TIDAK","0,00","0,00"
"B","TIDAK","0,00","0,00"
"B","TIDAK","0,00","0,00"
"B","TIDAK","0,00","0,00"
"B","TIDAK","0,00","0,00"
"B","YA","3,00","16.732,00"
"B","TIDAK","0,00","0,00"
"B","TIDAK","0,00","0,00"
"B","TIDAK","0,00","0,00"
"B","TIDAK","0,00","0,00"
"B","TIDAK","0,00","0,00"
"B","TIDAK","0,00","0,00"
"B","TIDAK","0,00","0,00"
"B","TIDAK","0,00","0,00"
"B","TIDAK","0,00","0,00"
"B","TIDAK","0,00","0,00"
"B","TIDAK","0,00","0,00"
"B","TIDAK","0,00","0,00"
"B","TIDAK","0,00","0,00"
"B","TIDAK","0,00","0,00"
"B","TIDAK","0,00","0,00"
"B","TIDAK","0,00","0,00"
"B","TIDAK","0,00","0,00"
"B","TIDAK","0,00","0,00"
"B","TIDAK","0,00","0,00"
"B","TIDAK","0,00","0,00"
"B","TIDAK","0,00","0,00"
"B","TIDAK","0,00","0,00"
"B","TIDAK","0,00","0,00"
"B","TIDAK","0,00","0,00"
"B","TIDAK","0,00","0,00"
"B","TIDAK","0,00","0,00"
"B","TIDAK","0,00","0,00"
"B","TIDAK","0,00","0,00"
"B","TIDAK","0,00","0,00"
"B","TIDAK","0,00","0,00"
"B","YA","5,00","273,00"
"B","YA","3,00","17.517,00"
"B","TIDAK","0,00","0,00"
"B","TIDAK","0,00","0,00"
"B","TIDAK","0,00","0,00"
"B","TIDAK","0,00","0,00"
"B","TIDAK","0,00","0,00"
"B","TIDAK","0,00","0,00"
"B","TIDAK","0,00","0,00"
"B","TIDAK","0,00","0,00"
"B","TIDAK","0,00","0,00"
"B","TIDAK","0,00","0,00"
"B","TIDAK","0,00","0,00"
"B","TIDAK","0,00","0,00"
"B","TIDAK","0,00","0,00"
"B","TIDAK","0,00","0,00"
"B","TIDAK","0,00","0,00"
"B","TIDAK","0,00","0,00"
"B","TIDAK","0,00","0,00"
"B","YA","1,00","5.779,00"
"B","TIDAK","0,00","0,00"
"B","TIDAK","0,00","0,00"
"B","TIDAK","0,00","0,00"
"B","TIDAK","0,00","0,00"
"B","TIDAK","0,00","0,00"
"B","TIDAK","0,00","0,00"
"B","TIDAK","0,00","0,00"
"B","TIDAK","0,00","0,00"
"B","TIDAK","0,00","0,00"
"B","YA","3,00","19.564,00"
"B","TIDAK","0,00","0,00"
"B","TIDAK","0,00","0,00"
"B","TIDAK","0,00","0,00"
"B","TIDAK","0,00","0,00"
"B","TIDAK","0,00","0,00"
"B","TIDAK","0,00","0,00"
"B","TIDAK","0,00","0,00"
"B","YA","3,00","16.906,00"
"B","TIDAK","0,00","0,00"
"B","TIDAK","0,00","0,00"
"B","TIDAK","0,00","0,00"
"B","TIDAK","0,00","0,00"
"B","TIDAK","0,00","0,00"
"B","TIDAK","0,00","0,00"
"B","TIDAK","0,00","0,00"
"B","TIDAK","0,00","0,00"
"B","TIDAK","0,00","0,00"
"B","TIDAK","0,00","0,00"
"B","TIDAK","0,00","0,00"
"B","TIDAK","0,00","0,00"
"B","TIDAK","0,00","0,00"
"B","TIDAK","0,00","0,00"
"B","TIDAK","0,00","0,00"
"B","TIDAK","0,00","0,00"
"B","TIDAK","0,00","0,00"
"B","TIDAK","0,00","0,00"
"B","TIDAK","0,00","0,00"
"B","TIDAK","0,00","0,00"
"B","TIDAK","0,00","0,00"
"B","TIDAK","0,00","0,00"
"B","TIDAK","0,00","0,00"
"B","TIDAK","0,00","0,00"
"B","TIDAK","0,00","0,00"
"B","TIDAK","0,00","0,00"
"B","TIDAK","0,00","0,00"
"B","TIDAK","0,00","0,00"
"B","TIDAK","0,00","0,00"
"B","TIDAK","0,00","0,00"
"B","TIDAK","0,00","0,00"
"B","TIDAK","0,00","0,00"
"B","TIDAK","0,00","0,00"
"B","TIDAK","0,00","0,00"
"B","TIDAK","0,00","0,00"
"B","TIDAK","0,00","0,00"
"B","TIDAK","0,00","0,00"
"B","TIDAK","0,00","0,00"
"B","TIDAK","0,00","0,00"
"B","TIDAK","0,00","0,00"
"B","TIDAK","0,00","0,00"
"B","TIDAK","0,00","0,00"
"B","TIDAK","0,00","0,00"
"B","TIDAK","0,00","0,00"
"B","TIDAK","0,00","0,00"
"B","TIDAK","0,00","0,00"
"B","YA","2,00","13.201,00"
"B","TIDAK","0,00","0,00"
"B","TIDAK","0,00","0,00"
"B","TIDAK","0,00","0,00"
"B","TIDAK","0,00","0,00"
"B","TIDAK","0,00","0,00"
"B","TIDAK","0,00","0,00"
"B","TIDAK","0,00","0,00"
"B","TIDAK","0,00","0,00"
"B","TIDAK","0,00","0,00"
"B","TIDAK","0,00","0,00"
"B","TIDAK","0,00","0,00"
"B","YA","4,00","22.322,00"
"B","TIDAK","0,00","0,00"
"B","TIDAK","0,00","0,00"
"B","TIDAK","0,00","0,00"
"B","YA","4,00","2.319,00"
"B","TIDAK","0,00","0,00"
"B","TIDAK","0,00","0,00"
"B","TIDAK","0,00","0,00"
"B","TIDAK","0,00","0,00"
"B","TIDAK","0,00","0,00"
"B","TIDAK","0,00","0,00"
"B","TIDAK","0,00","0,00"
"B","TIDAK","0,00","0,00"
"B","TIDAK","0,00","0,00"
"B","TIDAK","0,00","0,00"
"B","TIDAK","0,00","0,00"
"B","TIDAK","0,00","0,00"
"B","YA","3,00","14.873,00"
"B","TIDAK","0,00","0,00"
"B","TIDAK","0,00","0,00"
"B","TIDAK","0,00","0,00"
"B","YA","4,00","3.993,00"
"B","TIDAK","0,00","0,00"
"B","TIDAK","0,00","0,00"
"B","TIDAK","0,00","0,00"
"B","TIDAK","0,00","0,00"
"B","TIDAK","0,00","0,00"
"B","TIDAK","0,00","0,00"
"B","TIDAK","0,00","0,00"
"B","TIDAK","0,00","0,00"
"B","TIDAK","0,00","0,00"
"B","TIDAK","0,00","0,00"
"B","YA","5,00","34.825,00"
"B","TIDAK","0,00","0,00"
"B","TIDAK","0,00","0,00"
"B","TIDAK","0,00","0,00"
"B","YA","4,00","35.625,00"
"B","TIDAK","0,00","0,00"
"B","TIDAK","0,00","0,00"
"B","TIDAK","0,00","0,00"
"B","TIDAK","0,00","0,00"
"B","TIDAK","0,00","0,00"
"B","TIDAK","0,00","0,00"
"B","YA","3,00","25.625,00"
"B","TIDAK","0,00","0,00"
"B","TIDAK","0,00","0,00"
"B","TIDAK","0,00","0,00"
"B","TIDAK","0,00","0,00"
"B","TIDAK","0,00","0,00"
"B","TIDAK","0,00","0,00"
"B","TIDAK","0,00","0,00"
"B","TIDAK","0,00","0,00"
"B","TIDAK","0,00","0,00"
"B","TIDAK","0,00","0,00"
"B","TIDAK","0,00","0,00"
"B","TIDAK","0,00","0,00"
"B","TIDAK","0,00","0,00"
"B","TIDAK","0,00","0,00"
"B","TIDAK","0,00","0,00"
"B","TIDAK","0,00","0,00"
"B","TIDAK","0,00","0,00"
"B","TIDAK","0,00","0,00"
"B","TIDAK","0,00","0,00"
"B","TIDAK","0,00","0,00"
"B","TIDAK","0,00","0,00"
"B","TIDAK","0,00","0,00"
"B","TIDAK","0,00","0,00"
"B","YA","3,00","17.404,00"
"B","TIDAK","0,00","0,00"
"B","TIDAK","0,00","0,00"
"B","TIDAK","0,00","0,00"
"B","TIDAK","0,00","0,00"
"B","TIDAK","0,00","0,00"
"B","TIDAK","0,00","0,00"
"B","TIDAK","0,00","0,00"
"B","TIDAK","0,00","0,00"
"B","TIDAK","0,00","0,00"
"B","TIDAK","0,00","0,00"
"B","TIDAK","0,00","0,00"
"B","TIDAK","0,00","0,00"
"B","TIDAK","0,00","0,00"
"B","TIDAK","0,00","0,00"
"B","TIDAK","0,00","0,00"
"B","TIDAK","0,00","0,00"
"B","TIDAK","0,00","0,00"
"B","TIDAK","0,00","0,00"
"B","TIDAK","0,00","0,00"
"B","TIDAK","0,00","0,00"
"B","TIDAK","0,00","0,00"
"B","TIDAK","0,00","0,00"
"B","TIDAK","0,00","0,00"
"B","TIDAK","0,00","0,00"
"B","TIDAK","0,00","0,00"
"B","TIDAK","0,00","0,00"
"B","TIDAK","0,00","0,00"
"B","TIDAK","0,00","0,00"
"B","TIDAK","0,00","0,00"
"B","TIDAK","0,00","0,00"
"B","TIDAK","0,00","0,00"
"B","TIDAK","0,00","0,00"
"B","TIDAK","0,00","0,00"
"B","TIDAK","0,00","0,00"
"B","TIDAK","0,00","0,00"
"B","TIDAK","0,00","0,00"
"B","TIDAK","0,00","0,00"
"B","TIDAK","0,00","0,00"
"B","TIDAK","0,00","0,00"
"B","TIDAK","0,00","0,00"
"B","TIDAK","0,00","0,00"
"B","TIDAK","0,00","0,00"
"B","TIDAK","0,00","0,00"
"B","TIDAK","0,00","0,00"
"B","TIDAK","0,00","0,00"
"B","TIDAK","0,00","0,00"
"B","YA","3,00","22.062,00"
"B","TIDAK","0,00","0,00"
"B","TIDAK","0,00","0,00"
"B","TIDAK","0,00","0,00"
"B","TIDAK","0,00","0,00"
"B","TIDAK","0,00","0,00"
"B","TIDAK","0,00","0,00"
"B","TIDAK","0,00","0,00"
"B","YA","3,00","17.918,00"
"B","TIDAK","0,00","0,00"
"B","YA","4,00","30.015,00"
"B","TIDAK","0,00","0,00"
"B","TIDAK","0,00","0,00"
"B","TIDAK","0,00","0,00"
"B","TIDAK","0,00","0,00"
"B","TIDAK","0,00","0,00"
"B","TIDAK","0,00","0,00"
"B","TIDAK","0,00","0,00"
"B","TIDAK","0,00","0,00"
"B","TIDAK","0,00","0,00"
"B","TIDAK","0,00","0,00"
"B","TIDAK","0,00","0,00"
"B","TIDAK","0,00","0,00"
"B","TIDAK","0,00","0,00"
"B","TIDAK","0,00","0,00"
"B","TIDAK","0,00","0,00"
"B","TIDAK","0,00","0,00"
"B","TIDAK","0,00","0,00"
"B","TIDAK","0,00","0,00"
"B","TIDAK","0,00","0,00"
"B","TIDAK","0,00","0,00"
"B","TIDAK","0,00","0,00"
"B","TIDAK","0,00","0,00"
"B","TIDAK","0,00","0,00"
"B","TIDAK","0,00","0,00"
"B","TIDAK","0,00","0,00"
"B","TIDAK","0,00","0,00"
"B","YA","1,00","6.475,00"
"B","TIDAK","0,00","0,00"
"B","TIDAK","0,00","0,00"
"B","TIDAK","0,00","0,00"
"B","TIDAK","0,00","0,00"
"B","TIDAK","0,00","0,00"
"B","TIDAK","0,00","0,00"
"B","TIDAK","0,00","0,00"
"B","TIDAK","0,00","0,00"
"B","TIDAK","0,00","0,00"
"B","TIDAK","0,00","0,00"
"B","TIDAK","0,00","0,00"
"B","TIDAK","0,00","0,00"
"B","TIDAK","0,00","0,00"
"B","TIDAK","0,00","0,00"
"B","TIDAK","0,00","0,00"
"B","TIDAK","0,00","0,00"
"B","TIDAK","0,00","0,00"
"B","TIDAK","0,00","0,00"
"B","TIDAK","0,00","0,00"
"B","TIDAK","0,00","0,00"
"B","TIDAK","0,00","0,00"
"B","TIDAK","0,00","0,00"
"B","TIDAK","0,00","0,00"
"B","TIDAK","0,00","0,00"
"B","TIDAK","0,00","0,00"
"B","TIDAK","0,00","0,00"
"B","TIDAK","0,00","0,00"
"B","TIDAK","0,00","0,00"
"B","TIDAK","0,00","0,00"
"B","TIDAK","0,00","0,00"
"B","TIDAK","0,00","0,00"
"B","TIDAK","0,00","0,00"
"B","TIDAK","0,00","0,00"
"B","TIDAK","0,00","0,00"
"B","TIDAK","0,00","0,00"
"B","TIDAK","0,00","0,00"
"B","TIDAK","0,00","0,00"
"B","TIDAK","0,00","0,00"
"B","TIDAK","0,00","0,00"
"B","TIDAK","0,00","0,00"
"B","TIDAK","0,00","0,00"
"B","TIDAK","0,00","0,00"
"B","TIDAK","0,00","0,00"
"B","TIDAK","0,00","0,00"
"B","TIDAK","0,00","0,00"
"B","TIDAK","0,00","0,00"
"B","TIDAK","0,00","0,00"
"B","TIDAK","0,00","0,00"
"B","TIDAK","0,00","0,00"
"B","TIDAK","0,00","0,00"
"B","TIDAK","0,00","0,00"
"B","TIDAK","0,00","0,00"
"B","TIDAK","0,00","0,00"
"B","TIDAK","0,00","0,00"
"B","TIDAK","0,00","0,00"
"B","TIDAK","0,00","0,00"
"B","TIDAK","0,00","0,00"
"B","TIDAK","0,00","0,00"
"B","TIDAK","0,00","0,00"
"B","TIDAK","0,00","0,00"
"B","TIDAK","0,00","0,00"
"B","TIDAK","0,00","0,00"
"B","TIDAK","0,00","0,00"
"B","YA","5,00","34.418,00"
"B","TIDAK","0,00","0,00"
"B","YA","3,00","14.669,00"
"B","TIDAK","0,00","0,00"
"B","TIDAK","0,00","0,00"
"B","TIDAK","0,00","0,00"
"B","TIDAK","0,00","0,00"
"B","TIDAK","0,00","0,00"
"B","TIDAK","0,00","0,00"
"B","TIDAK","0,00","0,00"
"B","TIDAK","0,00","0,00"
"B","TIDAK","0,00","0,00"
"B","TIDAK","0,00","0,00"
"B","TIDAK","0,00","0,00"
"B","TIDAK","0,00","0,00"
"B","TIDAK","0,00","0,00"
"B","TIDAK","0,00","0,00"
"B","TIDAK","0,00","0,00"
"B","TIDAK","0,00","0,00"
"B","TIDAK","0,00","0,00"
"B","TIDAK","0,00","0,00"
"B","TIDAK","0,00","0,00"
"B","TIDAK","0,00","0,00"
"B","TIDAK","0,00","0,00"
"B","TIDAK","0,00","0,00"
"B","TIDAK","0,00","0,00"
"B","TIDAK","0,00","0,00"
"B","TIDAK","0,00","0,00"
"B","TIDAK","0,00","0,00"
"B","TIDAK","0,00","0,00"
"B","YA","2,00","12.226,00"
"B","TIDAK","0,00","0,00"
"B","TIDAK","0,00","0,00"
"B","TIDAK","0,00","0,00"
"B","TIDAK","0,00","0,00"
"B","TIDAK","0,00","0,00"
"B","TIDAK","0,00","0,00"
"B","TIDAK","0,00","0,00"
"B","TIDAK","0,00","0,00"
"B","TIDAK","0,00","0,00"
"B","TIDAK","0,00","0,00"
"B","TIDAK","0,00","0,00"
"B","TIDAK","0,00","0,00"
"B","YA","3,00","16.852,00"
"B","TIDAK","0,00","0,00"
"B","TIDAK","0,00","0,00"
"B","TIDAK","0,00","0,00"
"B","TIDAK","0,00","0,00"
"B","TIDAK","0,00","0,00"
"B","TIDAK","0,00","0,00"
"B","TIDAK","0,00","0,00"
"B","TIDAK","0,00","0,00"
"B","TIDAK","0,00","0,00"
"B","YA","5,00","39.683,00"
"B","TIDAK","0,00","0,00"
"B","YA","3,00","2.227,00"
"B","YA","3,00","17.824,00"
"B","TIDAK","0,00","0,00"
"B","TIDAK","0,00","0,00"
"B","TIDAK","0,00","0,00"
"B","TIDAK","0,00","0,00"
"B","TIDAK","0,00","0,00"
"B","TIDAK","0,00","0,00"
"B","TIDAK","0,00","0,00"
"B","TIDAK","0,00","0,00"
"B","TIDAK","0,00","0,00"
"B","TIDAK","0,00","0,00"
"B","TIDAK","0,00","0,00"
"B","TIDAK","0,00","0,00"
"B","TIDAK","0,00","0,00"
"B","TIDAK","0,00","0,00"
"B","TIDAK","0,00","0,00"
"B","TIDAK","0,00","0,00"
"B","TIDAK","0,00","0,00"
"B","TIDAK","0,00","0,00"
"B","TIDAK","0,00","0,00"
"B","TIDAK","0,00","0,00"
"B","TIDAK","0,00","0,00"
"B","TIDAK","0,00","0,00"
"B","TIDAK","0,00","0,00"
"B","TIDAK","0,00","0,00"
"B","TIDAK","0,00","0,00"
"B","TIDAK","0,00","0,00"
"B","TIDAK","0,00","0,00"
"B","TIDAK","0,00","0,00"
"B","TIDAK","0,00","0,00"
"B","TIDAK","0,00","0,00"
"B","TIDAK","0,00","0,00"
"B","TIDAK","0,00","0,00"
"B","TIDAK","0,00","0,00"
"B","TIDAK","0,00","0,00"
"B","TIDAK","0,00","0,00"
"B","TIDAK","0,00","0,00"
"B","TIDAK","0,00","0,00"
"B","TIDAK","0,00","0,00"
"B","TIDAK","0,00","0,00"
"B","TIDAK","0,00","0,00"
"B","TIDAK","0,00","0,00"
"B","TIDAK","0,00","0,00"
"B","TIDAK","0,00","0,00"
"B","TIDAK","0,00","0,00"
"B","TIDAK","0,00","0,00"
"B","TIDAK","0,00","0,00"
"B","TIDAK","0,00","0,00"
"B","TIDAK","0,00","0,00"
"B","TIDAK","0,00","0,00"
"B","TIDAK","0,00","0,00"
"B","TIDAK","0,00","0,00"
"B","TIDAK","0,00","0,00"
"B","TIDAK","0,00","0,00"
"B","TIDAK","0,00","0,00"
"B","TIDAK","0,00","0,00"
"B","TIDAK","0,00","0,00"
"B","TIDAK","0,00","0,00"
"B","TIDAK","0,00","0,00"
"B","TIDAK","0,00","0,00"
"B","TIDAK","0,00","0,00"
"B","TIDAK","0,00","0,00"
"B","TIDAK","0,00","0,00"
"B","TIDAK","0,00","0,00"
"B","TIDAK","0,00","0,00"
"B","TIDAK","0,00","0,00"
"B","TIDAK","0,00","0,00"
"B","TIDAK","0,00","0,00"
"B","TIDAK","0,00","0,00"
"B","TIDAK","0,00","0,00"
"B","TIDAK","0,00","0,00"
"B","TIDAK","0,00","0,00"
"B","TIDAK","0,00","0,00"
"B","TIDAK","0,00","0,00"
"B","TIDAK","0,00","0,00"
"B","TIDAK","0,00","0,00"
"B","TIDAK","0,00","0,00"
"B","TIDAK","0,00","0,00"
"B","TIDAK","0,00","0,00"
"B","TIDAK","0,00","0,00"
"B","TIDAK","0,00","0,00"
"B","TIDAK","0,00","0,00"
"B","TIDAK","0,00","0,00"
"B","TIDAK","0,00","0,00"
"B","TIDAK","0,00","0,00"
"B","TIDAK","0,00","0,00"
"B","TIDAK","0,00","0,00"
"B","TIDAK","0,00","0,00"
"B","TIDAK","0,00","0,00"
"B","TIDAK","0,00","0,00"
"B","TIDAK","0,00","0,00"
"B","TIDAK","0,00","0,00"
"B","TIDAK","0,00","0,00"
"B","TIDAK","0,00","0,00"
"B","TIDAK","0,00","0,00"
"B","YA","4,00","2.463.881.752.054.900.063.626.854.400,00"
"B","TIDAK","0,00","0,00"
"B","TIDAK","0,00","0,00"
"B","TIDAK","0,00","0,00"
"B","TIDAK","0,00","0,00"
"B","TIDAK","0,00","0,00"
"B","TIDAK","0,00","0,00"
"B","TIDAK","0,00","0,00"
"B","YA","2,00","14.476,00"
"B","TIDAK","0,00","0,00"
"B","YA","3,00","19.817,00"
"B","TIDAK","0,00","0,00"
"B","TIDAK","0,00","0,00"
"B","TIDAK","0,00","0,00"
"B","TIDAK","0,00","0,00"
"B","TIDAK","0,00","0,00"
"B","TIDAK","0,00","0,00"
"B","TIDAK","0,00","0,00"
"B","TIDAK","0,00","0,00"
"B","TIDAK","0,00","0,00"
"B","TIDAK","0,00","0,00"
"B","TIDAK","0,00","0,00"
"B","TIDAK","0,00","0,00"
"B","TIDAK","0,00","0,00"
"B","TIDAK","0,00","0,00"
"B","TIDAK","0,00","0,00"
"B","TIDAK","0,00","0,00"
"B","TIDAK","0,00","0,00"
"B","TIDAK","0,00","0,00"
"B","TIDAK","0,00","0,00"
"B","TIDAK","0,00","0,00"
"B","TIDAK","0,00","0,00"
"B","TIDAK","0,00","0,00"
"B","TIDAK","0,00","0,00"
"B","TIDAK","0,00","0,00"
"B","TIDAK","0,00","0,00"
"B","TIDAK","0,00","0,00"
"B","TIDAK","0,00","0,00"
"B","TIDAK","0,00","0,00"
"B","TIDAK","0,00","0,00"
"B","TIDAK","0,00","0,00"
"B","TIDAK","0,00","0,00"
"B","TIDAK","0,00","0,00"
"B","TIDAK","0,00","0,00"
"B","TIDAK","0,00","0,00"
"B","TIDAK","0,00","0,00"
"B","TIDAK","0,00","0,00"
"B","TIDAK","0,00","0,00"
"B","TIDAK","0,00","0,00"
"B","TIDAK","0,00","0,00"
"B","TIDAK","0,00","0,00"
"B","TIDAK","0,00","0,00"
"B","TIDAK","0,00","0,00"
"B","TIDAK","0,00","0,00"
"B","TIDAK","0,00","0,00"
"B","TIDAK","0,00","0,00"
"B","TIDAK","0,00","0,00"
"B","TIDAK","0,00","0,00"
"B","TIDAK","0,00","0,00"
"B","TIDAK","0,00","0,00"
"B","TIDAK","0,00","0,00"
"B","TIDAK","0,00","0,00"
"B","TIDAK","0,00","0,00"
"B","TIDAK","0,00","0,00"
"B","TIDAK","0,00","0,00"
"B","TIDAK","0,00","0,00"
"B","YA","1,00","6.225,00"
"B","TIDAK","0,00","0,00"
"B","TIDAK","0,00","0,00"
"B","TIDAK","0,00","0,00"
"B","TIDAK","0,00","0,00"
"B","YA","4,00","24.954,00"
"B","TIDAK","0,00","0,00"
"B","TIDAK","0,00","0,00"
"B","TIDAK","0,00","0,00"
"B","TIDAK","0,00","0,00"
"B","TIDAK","0,00","0,00"
"B","TIDAK","0,00","0,00"
"B","TIDAK","0,00","0,00"
"B","TIDAK","0,00","0,00"
"B","TIDAK","0,00","0,00"
"B","TIDAK","0,00","0,00"
"B","TIDAK","0,00","0,00"
"B","TIDAK","0,00","0,00"
"B","TIDAK","0,00","0,00"
"B","TIDAK","0,00","0,00"
"B","TIDAK","0,00","0,00"
"B","TIDAK","0,00","0,00"
"B","TIDAK","0,00","0,00"
"B","TIDAK","0,00","0,00"
"B","TIDAK","0,00","0,00"
"B","TIDAK","0,00","0,00"
"B","TIDAK","0,00","0,00"
"B","TIDAK","0,00","0,00"
"B","TIDAK","0,00","0,00"
"B","TIDAK","0,00","0,00"
"B","TIDAK","0,00","0,00"
"B","TIDAK","0,00","0,00"
"B","TIDAK","0,00","0,00"
"B","TIDAK","0,00","0,00"
"B","TIDAK","0,00","0,00"
"B","TIDAK","0,00","0,00"
"B","TIDAK","0,00","0,00"
"B","TIDAK","0,00","0,00"
"B","YA","5,00","26.472,00"
"B","TIDAK","0,00","0,00"
"B","TIDAK","0,00","0,00"
"B","TIDAK","0,00","0,00"
"B","TIDAK","0,00","0,00"
"B","TIDAK","0,00","0,00"
"B","TIDAK","0,00","0,00"
"B","TIDAK","0,00","0,00"
"B","TIDAK","0,00","0,00"
"B","TIDAK","0,00","0,00"
"B","TIDAK","0,00","0,00"
"B","TIDAK","0,00","0,00"
"B","TIDAK","0,00","0,00"
"B","TIDAK","0,00","0,00"
"B","TIDAK","0,00","0,00"
"B","TIDAK","0,00","0,00"
"B","TIDAK","0,00","0,00"
"B","TIDAK","0,00","0,00"
"B","TIDAK","0,00","0,00"
"B","TIDAK","0,00","0,00"
"B","TIDAK","0,00","0,00"
"B","TIDAK","0,00","0,00"
"B","TIDAK","0,00","0,00"
"B","TIDAK","0,00","0,00"
"B","TIDAK","0,00","0,00"
"B","TIDAK","0,00","0,00"
"B","TIDAK","0,00","0,00"
"B","TIDAK","0,00","0,00"
"B","TIDAK","0,00","0,00"
"B","TIDAK","0,00","0,00"
"B","TIDAK","0,00","0,00"
"B","TIDAK","0,00","0,00"
"B","TIDAK","0,00","0,00"
"B","TIDAK","0,00","0,00"
"B","TIDAK","0,00","0,00"
"B","TIDAK","0,00","0,00"
"B","TIDAK","0,00","0,00"
"B","TIDAK","0,00","0,00"
"B","TIDAK","0,00","0,00"
"B","TIDAK","0,00","0,00"
"B","TIDAK","0,00","0,00"
"B","TIDAK","0,00","0,00"
"B","TIDAK","0,00","0,00"
"B","TIDAK","0,00","0,00"
"B","YA","4,00","24.581,00"
"B","TIDAK","0,00","0,00"
"B","TIDAK","0,00","0,00"
"B","TIDAK","0,00","0,00"
"B","YA","5,00","39.581,00"
"B","TIDAK","0,00","0,00"
"B","TIDAK","0,00","0,00"
"B","TIDAK","0,00","0,00"
"B","YA","4,00","22.281,00"
"B","TIDAK","0,00","0,00"
"B","TIDAK","0,00","0,00"
"B","TIDAK","0,00","0,00"
"B","TIDAK","0,00","0,00"